{
  "stage_0_annotation_quality": {
    "doublet_metrics": {
      "doublet_detection_available": true,
      "n_predicted_doublets": 0,
      "doublet_rate": 0.0,
      "mean_doublet_score": 0.0003009932778167954,
      "max_doublet_score": 0.0003009932778167954
    },
    "annotation_confidence": {
      "annotation_confidence_available": false,
      "mean_confidence": NaN,
      "low_confidence_rate": NaN
    }
  },
  "stage_1_spatial_patterns": {
    "morans_i": {
      "genes": [
        "ISG15",
        "C1QA",
        "C1QB",
        "CD52",
        "C1QC",
        "LAPTM5",
        "HSPG2",
        "ANGPTL7",
        "ID3",
        "TNFRSF1B",
        "PLA2G2A",
        "PDPN",
        "EFHD2",
        "RCC1",
        "CLIC4",
        "THEMIS2",
        "ALPL",
        "NADK",
        "WASF2",
        "MUL1",
        "MEGF6",
        "AL139246.5",
        "C1orf159",
        "RPA2",
        "SESN2",
        "H6PD",
        "PRDM16-DT",
        "LRRC47",
        "UTS2",
        "ANKRD65",
        "ENO1-AS1",
        "HSPB7",
        "AL357140.1",
        "MAN1C1",
        "RAB42",
        "LNCTAM34A",
        "SPEN",
        "PEX14",
        "CAMTA1-DT",
        "ATAD3C",
        "AL021155.5",
        "LINC00115",
        "TEX46",
        "LINC02574",
        "CTRC",
        "SPATA21",
        "LINC01772",
        "AHDC1",
        "AL669831.2",
        "FBXO2"
      ],
      "morans_i": [
        0.5676208561641545,
        0.522342097186983,
        0.5032453360862924,
        0.4018333855074481,
        0.3462507686708079,
        0.2529940505382104,
        0.22837099761856122,
        0.17787326853389376,
        0.17098645587340025,
        0.12229567156393673,
        0.07243619383268801,
        0.07041651503565687,
        0.0646637195964771,
        0.060263188797149744,
        0.054084522442552276,
        0.053189090628698234,
        0.05043735276130153,
        0.03939945120900648,
        0.03703646279013976,
        0.03507364727458404,
        0.03355501676431756,
        0.030397276892360065,
        0.024271570350050183,
        0.02370380815371835,
        0.023473007213441758,
        0.020790016324659093,
        0.026505056301380593,
        0.020157412762856246,
        0.02267551686180959,
        0.016791743908955145,
        0.014485359049294693,
        0.01361042999078678,
        -0.001295425272415112,
        0.010294581566019896,
        0.00971117652660939,
        -0.008250446081831214,
        0.007287433035456083,
        0.006938150823215723,
        0.007091345221589353,
        -0.005063840646422311,
        -0.004600097469771126,
        0.004122912387511034,
        -0.0022189901961577477,
        -0.003409055727739729,
        -0.00102141180995081,
        -0.0013979817485025728,
        -0.0019674005372158658,
        -0.0010152390328299708,
        -0.000579056218376283,
        0.000819485016850735
      ],
      "p_value": [
        0.001,
        0.001,
        0.001,
        0.001,
        0.001,
        0.001,
        0.001,
        0.001,
        0.001,
        0.001,
        0.001,
        0.001,
        0.001,
        0.001,
        0.001,
        0.001,
        0.001,
        0.001,
        0.001,
        0.001,
        0.001,
        0.002,
        0.002,
        0.003,
        0.008,
        0.008,
        0.01,
        0.01,
        0.013,
        0.038,
        0.054,
        0.068,
        0.178,
        0.216,
        0.241,
        0.315,
        0.373,
        0.42,
        0.451,
        0.532,
        0.606,
        0.638,
        0.734,
        0.754,
        0.804,
        0.828,
        0.852,
        0.902,
        0.905,
        0.92
      ],
      "ci_lower": [
        -0.015048455809621759,
        -0.01660917355509395,
        -0.015461203693360225,
        -0.01517620827106839,
        -0.01536395458423347,
        -0.015562238166396609,
        -0.01688757335022136,
        -0.0027995246248798565,
        -0.017070572425995013,
        -0.016907431487949133,
        -0.014023720943072112,
        -0.015258370086101699,
        -0.016230648341599777,
        -0.015707237114612957,
        -0.014799458439464503,
        -0.01634869963165333,
        -0.014074955251217547,
        -0.015306328049446127,
        -0.016022375229507523,
        -0.016516878427389043,
        -0.01643623329764996,
        -0.016349660897532974,
        -0.015563981143916527,
        -0.015829717091265346,
        -0.01621402362917401,
        -0.014801776707424915,
        -0.00711918203606499,
        -0.014755860939057485,
        -0.014781748865092738,
        -0.015174037823754514,
        -0.013736807567020823,
        -0.00941620252742998,
        -0.0013295154107936234,
        -0.014005342553673165,
        -0.01457596667825029,
        -0.013493257102334238,
        -0.016117521618658745,
        -0.014911964220280656,
        -0.00901539240859431,
        -0.01505941533681118,
        -0.011949318992175354,
        -0.012827885299152448,
        -0.0023881621893456,
        -0.0036040655206435518,
        -0.0011252151255900956,
        -0.0015360750657389573,
        -0.0021644091032664865,
        -0.015127091416752501,
        -0.0006815885322943462,
        -0.014278587003832773
      ],
      "ci_upper": [
        0.015946761332895885,
        0.015478816322365169,
        0.015972488866038723,
        0.016148223171897284,
        0.014693574969804168,
        0.016458904166783823,
        0.015191621986300766,
        0.023152503093760386,
        0.016590620977648244,
        0.015480908094266358,
        0.01754566645045213,
        0.016160934702574112,
        0.01656077331626436,
        0.01605545189764362,
        0.01607102252463162,
        0.016715049605384075,
        0.015924474911020343,
        0.016465351031671027,
        0.01638496238719022,
        0.0175264569216623,
        0.016692481278145356,
        0.016653372844085627,
        0.0163783909756655,
        0.016457513411690123,
        0.015817497457840113,
        0.015452818567877724,
        0.018249740184661353,
        0.015535389109792738,
        0.01887205088079536,
        0.01666089259396491,
        0.017902842872987136,
        0.019839282571650445,
        -0.0010908844421440426,
        0.01692781589261281,
        0.016763682890471587,
        0.01748552481892143,
        0.014927483252384424,
        0.015490111787360414,
        0.018221947416074306,
        0.017381603923918923,
        0.017979300264535474,
        0.01804403609261558,
        0.02855881883316617,
        0.018698291130445816,
        -0.0009176084943115245,
        0.04622107477688803,
        0.03414437961000422,
        0.017488808551815446,
        -0.0005448787804035952,
        0.01696906553594562
      ],
      "signal_strength": [
        "MODERATE",
        "MODERATE",
        "MODERATE",
        "MODERATE",
        "MODERATE",
        "MODERATE",
        "MODERATE",
        "MODERATE",
        "MODERATE",
        "MODERATE",
        "WEAK",
        "WEAK",
        "WEAK",
        "WEAK",
        "WEAK",
        "WEAK",
        "WEAK",
        "WEAK",
        "WEAK",
        "WEAK",
        "WEAK",
        "WEAK",
        "WEAK",
        "WEAK",
        "WEAK",
        "WEAK",
        "WEAK",
        "WEAK",
        "WEAK",
        "WEAK",
        "NONE",
        "NONE",
        "NONE",
        "NONE",
        "NONE",
        "NONE",
        "NONE",
        "NONE",
        "NONE",
        "NONE",
        "NONE",
        "NONE",
        "NONE",
        "NONE",
        "NONE",
        "NONE",
        "NONE",
        "NONE",
        "NONE",
        "NONE"
      ]
    },
    "spatial_entropy": {
      "mean_entropy": 0.2686713968709958,
      "median_entropy": 0.0,
      "std_entropy": 0.3020553464506888,
      "ci_lower": 0.2600383369103715,
      "ci_upper": 0.2773027924354529,
      "bootstrap_samples": 1000
    },
    "multiscale_enrichment": {
      "radii": [
        1,
        2,
        3
      ],